module,dataset,seed,ap,complete,error,log
atss15,astyx,2028,,False,True,/root/autodl-tmp/radar_champion/logs/fair_ablation/fair_atss15_astyx_seed2028_gpu3.log
atss5,astyx,2028,,False,True,/root/autodl-tmp/radar_champion/logs/fair_ablation/fair_atss5_astyx_seed2028_gpu2.log
atss,astyx,2028,0.0,True,False,/root/autodl-tmp/radar_champion/logs/fair_ablation/fair_atss_astyx_seed2028_gpu0.log
atss,kradar,2028,,False,True,/root/autodl-tmp/radar_champion/logs/fair_ablation/fair_atss_kradar_seed2028_gpu3.log
atss,truckscenes,2028,,False,False,/root/autodl-tmp/radar_champion/logs/fair_ablation/fair_atss_truckscenes_seed2028_gpu1.log
atss,v2xradarv,2028,,False,False,/root/autodl-tmp/radar_champion/logs/fair_ablation/fair_atss_v2xradarv_seed2028_gpu2.log
bevgate,astyx,2026,27.3264,True,False,/root/autodl-tmp/radar_champion/logs/fair_ablation/fair_bevgate_astyx_seed2026_gpu0.log
bevgate,astyx,2027,26.328,True,False,/root/autodl-tmp/radar_champion/logs/fair_ablation/fair_bevgate_astyx_seed2027_gpu0.log
bevgate,astyx,2028,27.2204,True,False,/root/autodl-tmp/radar_champion/logs/fair_ablation/fair_bevgate_astyx_seed2028_gpu0.log
bevgate_dapg,astyx,2026,26.8784,True,False,/root/autodl-tmp/radar_champion/logs/fair_ablation/fair_bevgate_dapg_astyx_seed2026_gpu0.log
bevgate_dapg,astyx,2027,28.7725,True,False,/root/autodl-tmp/radar_champion/logs/fair_ablation/fair_bevgate_dapg_astyx_seed2027_gpu0.log
bevgate_dapg,astyx,2028,26.0238,True,False,/root/autodl-tmp/radar_champion/logs/fair_ablation/fair_bevgate_dapg_astyx_seed2028_gpu0.log
bevgate_dapg,kradar,2026,53.5589,True,False,/root/autodl-tmp/radar_champion/logs/fair_ablation/fair_bevgate_dapg_kradar_seed2026_gpu3.log
bevgate_dapg,kradar,2027,49.8472,True,False,/root/autodl-tmp/radar_champion/logs/fair_ablation/fair_bevgate_dapg_kradar_seed2027_gpu3.log
bevgate_dapg,kradar,2028,51.7307,True,False,/root/autodl-tmp/radar_champion/logs/fair_ablation/fair_bevgate_dapg_kradar_seed2028_gpu3.log
bevgate_dapg_msbc,astyx,2026,28.0912,True,False,/root/autodl-tmp/radar_champion/logs/fair_ablation/fair_bevgate_dapg_msbc_astyx_seed2026_gpu0.log
bevgate_dapg_msbc,astyx,2027,28.2602,True,False,/root/autodl-tmp/radar_champion/logs/fair_ablation/fair_bevgate_dapg_msbc_astyx_seed2027_gpu0.log
bevgate_dapg_msbc,astyx,2028,27.9382,True,False,/root/autodl-tmp/radar_champion/logs/fair_ablation/fair_bevgate_dapg_msbc_astyx_seed2028_gpu0.log
bevgate_dapg_msbc,kradar,2026,54.4423,True,False,/root/autodl-tmp/radar_champion/logs/fair_ablation/fair_bevgate_dapg_msbc_kradar_seed2026_gpu3.log
bevgate_dapg_msbc,kradar,2027,,False,False,/root/autodl-tmp/radar_champion/logs/fair_ablation/fair_bevgate_dapg_msbc_kradar_seed2027_gpu3.log
bevgate_dapg_msbc,kradar,2028,,False,True,/root/autodl-tmp/radar_champion/logs/fair_ablation/fair_bevgate_dapg_msbc_kradar_seed2028_gpu3.log
bevgate_dapg_msbc,truckscenes,2026,18.6153,True,False,/root/autodl-tmp/radar_champion/logs/fair_ablation/fair_bevgate_dapg_msbc_truckscenes_seed2026_gpu1.log
bevgate_dapg_msbc,truckscenes,2027,20.834,True,False,/root/autodl-tmp/radar_champion/logs/fair_ablation/fair_bevgate_dapg_msbc_truckscenes_seed2027_gpu1.log
bevgate_dapg_msbc,truckscenes,2028,24.0877,True,False,/root/autodl-tmp/radar_champion/logs/fair_ablation/fair_bevgate_dapg_msbc_truckscenes_seed2028_gpu1.log
bevgate_dapg_msbc,v2xradarv,2026,42.1444,True,False,/root/autodl-tmp/radar_champion/logs/fair_ablation/fair_bevgate_dapg_msbc_v2xradarv_seed2026_gpu2.log
bevgate_dapg_msbc,v2xradarv,2027,42.0261,True,False,/root/autodl-tmp/radar_champion/logs/fair_ablation/fair_bevgate_dapg_msbc_v2xradarv_seed2027_gpu2.log
bevgate_dapg_msbc,v2xradarv,2028,40.1569,True,False,/root/autodl-tmp/radar_champion/logs/fair_ablation/fair_bevgate_dapg_msbc_v2xradarv_seed2028_gpu2.log
bevgate_dapg,truckscenes,2026,14.6017,True,False,/root/autodl-tmp/radar_champion/logs/fair_ablation/fair_bevgate_dapg_truckscenes_seed2026_gpu1.log
bevgate_dapg,truckscenes,2027,15.0322,True,False,/root/autodl-tmp/radar_champion/logs/fair_ablation/fair_bevgate_dapg_truckscenes_seed2027_gpu1.log
bevgate_dapg,truckscenes,2028,17.619,True,False,/root/autodl-tmp/radar_champion/logs/fair_ablation/fair_bevgate_dapg_truckscenes_seed2028_gpu1.log
bevgate_dapg,v2xradarv,2026,40.7786,True,False,/root/autodl-tmp/radar_champion/logs/fair_ablation/fair_bevgate_dapg_v2xradarv_seed2026_gpu2.log
bevgate_dapg,v2xradarv,2027,44.6096,True,False,/root/autodl-tmp/radar_champion/logs/fair_ablation/fair_bevgate_dapg_v2xradarv_seed2027_gpu2.log
bevgate_dapg,v2xradarv,2028,40.1839,True,False,/root/autodl-tmp/radar_champion/logs/fair_ablation/fair_bevgate_dapg_v2xradarv_seed2028_gpu2.log
bevgate,kradar,2026,52.9567,True,False,/root/autodl-tmp/radar_champion/logs/fair_ablation/fair_bevgate_kradar_seed2026_gpu3.log
bevgate,kradar,2027,,False,False,/root/autodl-tmp/radar_champion/logs/fair_ablation/fair_bevgate_kradar_seed2027_gpu3.log
bevgate,kradar,2028,49.811,True,False,/root/autodl-tmp/radar_champion/logs/fair_ablation/fair_bevgate_kradar_seed2028_gpu3.log
bevgate,kradar,3407,,False,True,/root/autodl-tmp/radar_champion/logs/fair_ablation/fair_bevgate_kradar_seed3407_gpu3.log
bevgate_replay10,astyx,2028,23.2143,True,False,/root/autodl-tmp/radar_champion/logs/fair_ablation/fair_bevgate_replay10_astyx_seed2028_gpu0.log
bevgate_replay10,kradar,2028,,False,False,/root/autodl-tmp/radar_champion/logs/fair_ablation/fair_bevgate_replay10_kradar_seed2028_gpu3.log
bevgate_replay10,truckscenes,2028,13.891,True,False,/root/autodl-tmp/radar_champion/logs/fair_ablation/fair_bevgate_replay10_truckscenes_seed2028_gpu1.log
bevgate_replay10,v2xradarv,2028,38.6544,True,False,/root/autodl-tmp/radar_champion/logs/fair_ablation/fair_bevgate_replay10_v2xradarv_seed2028_gpu2.log
bevgate_replay5,astyx,2028,25.6215,True,False,/root/autodl-tmp/radar_champion/logs/fair_ablation/fair_bevgate_replay5_astyx_seed2028_gpu0.log
bevgate_replay5,kradar,2028,50.4758,True,False,/root/autodl-tmp/radar_champion/logs/fair_ablation/fair_bevgate_replay5_kradar_seed2028_gpu3.log
bevgate_replay5,truckscenes,2028,16.8717,True,False,/root/autodl-tmp/radar_champion/logs/fair_ablation/fair_bevgate_replay5_truckscenes_seed2028_gpu1.log
bevgate_replay5,v2xradarv,2028,37.8685,True,False,/root/autodl-tmp/radar_champion/logs/fair_ablation/fair_bevgate_replay5_v2xradarv_seed2028_gpu2.log
bevgate,truckscenes,2026,10.854,True,False,/root/autodl-tmp/radar_champion/logs/fair_ablation/fair_bevgate_truckscenes_seed2026_gpu1.log
bevgate,truckscenes,2027,16.7251,True,False,/root/autodl-tmp/radar_champion/logs/fair_ablation/fair_bevgate_truckscenes_seed2027_gpu1.log
bevgate,truckscenes,2028,16.9852,True,False,/root/autodl-tmp/radar_champion/logs/fair_ablation/fair_bevgate_truckscenes_seed2028_gpu1.log
bevgate,v2xradarv,2026,42.2351,True,False,/root/autodl-tmp/radar_champion/logs/fair_ablation/fair_bevgate_v2xradarv_seed2026_gpu2.log
bevgate,v2xradarv,2027,43.6102,True,False,/root/autodl-tmp/radar_champion/logs/fair_ablation/fair_bevgate_v2xradarv_seed2027_gpu2.log
bevgate,v2xradarv,2028,41.1886,True,False,/root/autodl-tmp/radar_champion/logs/fair_ablation/fair_bevgate_v2xradarv_seed2028_gpu2.log
corner02,astyx,2028,31.1266,True,False,/root/autodl-tmp/radar_champion/logs/fair_ablation/fair_corner02_astyx_seed2028_gpu0.log
corner,astyx,2028,31.156,True,False,/root/autodl-tmp/radar_champion/logs/fair_ablation/fair_corner_astyx_seed2028_gpu1.log
corner,truckscenes,2028,,False,False,/root/autodl-tmp/radar_champion/logs/fair_ablation/fair_corner_truckscenes_seed2028_gpu2.log
corner,v2xradarv,2028,42.3051,True,False,/root/autodl-tmp/radar_champion/logs/fair_ablation/fair_corner_v2xradarv_seed2028_gpu3.log
dapg2,astyx,2028,26.0628,True,False,/root/autodl-tmp/radar_champion/logs/fair_ablation/fair_dapg2_astyx_seed2028_gpu0.log
dapg2,astyx,2034,28.1818,True,False,/root/autodl-tmp/radar_champion/logs/fair_ablation/fair_dapg2_astyx_seed2034_gpu3.log
dapg2,astyx,2035,,False,False,/root/autodl-tmp/radar_champion/logs/fair_ablation/fair_dapg2_astyx_seed2035_gpu0.log
dapg2,astyx,2035,25.865,True,False,/root/autodl-tmp/radar_champion/logs/fair_ablation/fair_dapg2_astyx_seed2035_gpu3.log
dapg2,kradar,2028,50.0078,True,False,/root/autodl-tmp/radar_champion/logs/fair_ablation/fair_dapg2_kradar_seed2028_gpu3.log
dapg2,kradar,2035,,False,False,/root/autodl-tmp/radar_champion/logs/fair_ablation/fair_dapg2_kradar_seed2035_gpu0.log
dapg2,kradar,2035,,False,False,/root/autodl-tmp/radar_champion/logs/fair_ablation/fair_dapg2_kradar_seed2035_gpu1.log
dapg2,kradar,2035,,False,False,/root/autodl-tmp/radar_champion/logs/fair_ablation/fair_dapg2_kradar_seed2035_gpu2.log
dapg2,kradar,2035,51.2833,True,False,/root/autodl-tmp/radar_champion/logs/fair_ablation/fair_dapg2_kradar_seed2035_gpu3.log
dapg2,truckscenes,2028,15.71,True,False,/root/autodl-tmp/radar_champion/logs/fair_ablation/fair_dapg2_truckscenes_seed2028_gpu1.log
dapg2,truckscenes,2035,11.2407,True,False,/root/autodl-tmp/radar_champion/logs/fair_ablation/fair_dapg2_truckscenes_seed2035_gpu1.log
dapg2,v2xradarv,2028,38.6317,True,False,/root/autodl-tmp/radar_champion/logs/fair_ablation/fair_dapg2_v2xradarv_seed2028_gpu2.log
dapg2,v2xradarv,2035,,False,False,/root/autodl-tmp/radar_champion/logs/fair_ablation/fair_dapg2_v2xradarv_seed2035_gpu1.log
dapg2,v2xradarv,2035,42.7964,True,False,/root/autodl-tmp/radar_champion/logs/fair_ablation/fair_dapg2_v2xradarv_seed2035_gpu2.log
dapg3,astyx,2028,27.8361,True,False,/root/autodl-tmp/radar_champion/logs/fair_ablation/fair_dapg3_astyx_seed2028_gpu0.log
dapg3,astyx,2035,25.865,True,False,/root/autodl-tmp/radar_champion/logs/fair_ablation/fair_dapg3_astyx_seed2035_gpu0.log
dapg3,kradar,2028,46.775,True,False,/root/autodl-tmp/radar_champion/logs/fair_ablation/fair_dapg3_kradar_seed2028_gpu3.log
dapg3,kradar,2035,,False,False,/root/autodl-tmp/radar_champion/logs/fair_ablation/fair_dapg3_kradar_seed2035_gpu1.log
dapg3,kradar,2035,,False,False,/root/autodl-tmp/radar_champion/logs/fair_ablation/fair_dapg3_kradar_seed2035_gpu2.log
dapg3,kradar,2035,51.2833,True,False,/root/autodl-tmp/radar_champion/logs/fair_ablation/fair_dapg3_kradar_seed2035_gpu3.log
dapg3,truckscenes,2028,13.5715,True,False,/root/autodl-tmp/radar_champion/logs/fair_ablation/fair_dapg3_truckscenes_seed2028_gpu1.log
dapg3,truckscenes,2034,12.5886,True,False,/root/autodl-tmp/radar_champion/logs/fair_ablation/fair_dapg3_truckscenes_seed2034_gpu0.log
dapg3,truckscenes,2035,11.2407,True,False,/root/autodl-tmp/radar_champion/logs/fair_ablation/fair_dapg3_truckscenes_seed2035_gpu1.log
dapg3,v2xradarv,2028,38.7661,True,False,/root/autodl-tmp/radar_champion/logs/fair_ablation/fair_dapg3_v2xradarv_seed2028_gpu2.log
dapg3,v2xradarv,2035,42.7964,True,False,/root/autodl-tmp/radar_champion/logs/fair_ablation/fair_dapg3_v2xradarv_seed2035_gpu2.log
four_modules,astyx,2026,26.5709,True,False,/root/autodl-tmp/radar_champion/logs/fair_ablation/fair_four_modules_astyx_seed2026_gpu0.log
four_modules,astyx,2027,26.1866,True,False,/root/autodl-tmp/radar_champion/logs/fair_ablation/fair_four_modules_astyx_seed2027_gpu0.log
four_modules,astyx,2028,29.2781,True,False,/root/autodl-tmp/radar_champion/logs/fair_ablation/fair_four_modules_astyx_seed2028_gpu0.log
four_modules,astyx,2034,27.9082,True,False,/root/autodl-tmp/radar_champion/logs/fair_ablation/fair_four_modules_astyx_seed2034_gpu0.log
four_modules,astyx,2036,25.1863,True,False,/root/autodl-tmp/radar_champion/logs/fair_ablation/fair_four_modules_astyx_seed2036_gpu0.log
four_modules,astyx,3407,26.0009,True,False,/root/autodl-tmp/radar_champion/logs/fair_ablation/fair_four_modules_astyx_seed3407_gpu0.log
four_modules,kradar,2026,,False,True,/root/autodl-tmp/radar_champion/logs/fair_ablation/fair_four_modules_kradar_seed2026_gpu3.log
four_modules,kradar,2027,,False,True,/root/autodl-tmp/radar_champion/logs/fair_ablation/fair_four_modules_kradar_seed2027_gpu3.log
four_modules,kradar,2028,0.0,True,False,/root/autodl-tmp/radar_champion/logs/fair_ablation/fair_four_modules_kradar_seed2028_gpu3.log
four_modules,kradar,2034,0.0,True,False,/root/autodl-tmp/radar_champion/logs/fair_ablation/fair_four_modules_kradar_seed2034_gpu3.log
four_modules,kradar,2036,,False,False,/root/autodl-tmp/radar_champion/logs/fair_ablation/fair_four_modules_kradar_seed2036_gpu3.log
four_modules,kradar,3407,,False,False,/root/autodl-tmp/radar_champion/logs/fair_ablation/fair_four_modules_kradar_seed3407_gpu3.log
four_modules,truckscenes,2026,20.7654,True,False,/root/autodl-tmp/radar_champion/logs/fair_ablation/fair_four_modules_truckscenes_seed2026_gpu1.log
four_modules,truckscenes,2027,19.0293,True,False,/root/autodl-tmp/radar_champion/logs/fair_ablation/fair_four_modules_truckscenes_seed2027_gpu1.log
four_modules,truckscenes,2028,17.4191,True,False,/root/autodl-tmp/radar_champion/logs/fair_ablation/fair_four_modules_truckscenes_seed2028_gpu1.log
four_modules,truckscenes,2034,14.6124,True,False,/root/autodl-tmp/radar_champion/logs/fair_ablation/fair_four_modules_truckscenes_seed2034_gpu1.log
four_modules,truckscenes,2036,17.7353,True,False,/root/autodl-tmp/radar_champion/logs/fair_ablation/fair_four_modules_truckscenes_seed2036_gpu1.log
four_modules,truckscenes,3407,15.7794,True,False,/root/autodl-tmp/radar_champion/logs/fair_ablation/fair_four_modules_truckscenes_seed3407_gpu1.log
four_modules,v2xradarv,2026,39.3806,True,False,/root/autodl-tmp/radar_champion/logs/fair_ablation/fair_four_modules_v2xradarv_seed2026_gpu2.log
four_modules,v2xradarv,2027,45.4485,True,False,/root/autodl-tmp/radar_champion/logs/fair_ablation/fair_four_modules_v2xradarv_seed2027_gpu2.log
four_modules,v2xradarv,2028,40.4307,True,False,/root/autodl-tmp/radar_champion/logs/fair_ablation/fair_four_modules_v2xradarv_seed2028_gpu2.log
four_modules,v2xradarv,2034,37.2863,True,False,/root/autodl-tmp/radar_champion/logs/fair_ablation/fair_four_modules_v2xradarv_seed2034_gpu2.log
four_modules,v2xradarv,2036,37.6426,True,False,/root/autodl-tmp/radar_champion/logs/fair_ablation/fair_four_modules_v2xradarv_seed2036_gpu2.log
four_modules,v2xradarv,3407,42.5594,True,False,/root/autodl-tmp/radar_champion/logs/fair_ablation/fair_four_modules_v2xradarv_seed3407_gpu2.log
iouaware,astyx,2028,31.5161,True,False,/root/autodl-tmp/radar_champion/logs/fair_ablation/fair_iouaware_astyx_seed2028_gpu0.log
iouaware,astyx,5623,31.136,True,False,/root/autodl-tmp/radar_champion/logs/fair_ablation/fair_iouaware_astyx_seed5623_gpu0.log
iouaware,astyx,5623,,False,False,/root/autodl-tmp/radar_champion/logs/fair_ablation/fair_iouaware_astyx_seed5623_gpu3.log
iouaware,kradar,2028,43.7081,True,False,/root/autodl-tmp/radar_champion/logs/fair_ablation/fair_iouaware_kradar_seed2028_gpu3.log
iouaware,kradar,5623,49.2835,True,False,/root/autodl-tmp/radar_champion/logs/fair_ablation/fair_iouaware_kradar_seed5623_gpu2.log
iouaware_radarreplay,astyx,2028,27.3125,True,False,/root/autodl-tmp/radar_champion/logs/fair_ablation/fair_iouaware_radarreplay_astyx_seed2028_gpu0.log
iouaware_radarreplay,kradar,2028,,False,False,/root/autodl-tmp/radar_champion/logs/fair_ablation/fair_iouaware_radarreplay_kradar_seed2028_gpu3.log
iouaware_radarreplay,truckscenes,2028,13.8836,True,False,/root/autodl-tmp/radar_champion/logs/fair_ablation/fair_iouaware_radarreplay_truckscenes_seed2028_gpu1.log
iouaware_radarreplay,v2xradarv,2028,,False,False,/root/autodl-tmp/radar_champion/logs/fair_ablation/fair_iouaware_radarreplay_v2xradarv_seed2028_gpu2.log
iouaware,truckscenes,2028,16.5672,True,False,/root/autodl-tmp/radar_champion/logs/fair_ablation/fair_iouaware_truckscenes_seed2028_gpu1.log
iouaware,truckscenes,5623,,False,False,/root/autodl-tmp/radar_champion/logs/fair_ablation/fair_iouaware_truckscenes_seed5623_gpu1.log
iouaware,truckscenes,5623,,False,False,/root/autodl-tmp/radar_champion/logs/fair_ablation/fair_iouaware_truckscenes_seed5623_gpu3.log
iouaware,v2xradarv,2028,40.1231,True,False,/root/autodl-tmp/radar_champion/logs/fair_ablation/fair_iouaware_v2xradarv_seed2028_gpu2.log
iouaware,v2xradarv,5623,42.0566,True,False,/root/autodl-tmp/radar_champion/logs/fair_ablation/fair_iouaware_v2xradarv_seed5623_gpu1.log
msbc2,astyx,2028,28.4206,True,False,/root/autodl-tmp/radar_champion/logs/fair_ablation/fair_msbc2_astyx_seed2028_gpu0.log
msbc2,astyx,2035,28.7944,True,False,/root/autodl-tmp/radar_champion/logs/fair_ablation/fair_msbc2_astyx_seed2035_gpu0.log
msbc2,astyx,2035,,False,False,/root/autodl-tmp/radar_champion/logs/fair_ablation/fair_msbc2_astyx_seed2035_gpu2.log
msbc2,kradar,2035,,False,False,/root/autodl-tmp/radar_champion/logs/fair_ablation/fair_msbc2_kradar_seed2035_gpu0.log
msbc2,kradar,2035,53.9329,True,False,/root/autodl-tmp/radar_champion/logs/fair_ablation/fair_msbc2_kradar_seed2035_gpu1.log
msbc2,kradar,2035,,False,False,/root/autodl-tmp/radar_champion/logs/fair_ablation/fair_msbc2_kradar_seed2035_gpu2.log
msbc2,kradar,2035,,False,False,/root/autodl-tmp/radar_champion/logs/fair_ablation/fair_msbc2_kradar_seed2035_gpu3.log
msbc2,truckscenes,2028,10.1921,True,False,/root/autodl-tmp/radar_champion/logs/fair_ablation/fair_msbc2_truckscenes_seed2028_gpu1.log
msbc2,truckscenes,2035,17.8727,True,False,/root/autodl-tmp/radar_champion/logs/fair_ablation/fair_msbc2_truckscenes_seed2035_gpu1.log
msbc2,v2xradarv,2028,40.0409,True,False,/root/autodl-tmp/radar_champion/logs/fair_ablation/fair_msbc2_v2xradarv_seed2028_gpu2.log
msbc2,v2xradarv,2035,42.5441,True,False,/root/autodl-tmp/radar_champion/logs/fair_ablation/fair_msbc2_v2xradarv_seed2035_gpu2.log
msbc3,astyx,2028,27.0321,True,False,/root/autodl-tmp/radar_champion/logs/fair_ablation/fair_msbc3_astyx_seed2028_gpu0.log
msbc3,astyx,2034,27.4669,True,False,/root/autodl-tmp/radar_champion/logs/fair_ablation/fair_msbc3_astyx_seed2034_gpu0.log
msbc3,astyx,2035,28.7944,True,False,/root/autodl-tmp/radar_champion/logs/fair_ablation/fair_msbc3_astyx_seed2035_gpu0.log
msbc3,kradar,2028,,False,True,/root/autodl-tmp/radar_champion/logs/fair_ablation/fair_msbc3_kradar_seed2028_gpu3.log
msbc3,kradar,2035,53.9329,True,False,/root/autodl-tmp/radar_champion/logs/fair_ablation/fair_msbc3_kradar_seed2035_gpu2.log
msbc3,truckscenes,2028,14.3306,True,False,/root/autodl-tmp/radar_champion/logs/fair_ablation/fair_msbc3_truckscenes_seed2028_gpu1.log
msbc3,truckscenes,2035,17.8727,True,False,/root/autodl-tmp/radar_champion/logs/fair_ablation/fair_msbc3_truckscenes_seed2035_gpu1.log
msbc3,v2xradarv,2028,39.8473,True,False,/root/autodl-tmp/radar_champion/logs/fair_ablation/fair_msbc3_v2xradarv_seed2028_gpu2.log
msbc3,v2xradarv,2034,42.0389,True,False,/root/autodl-tmp/radar_champion/logs/fair_ablation/fair_msbc3_v2xradarv_seed2034_gpu1.log
msbc3,v2xradarv,2035,42.5441,True,False,/root/autodl-tmp/radar_champion/logs/fair_ablation/fair_msbc3_v2xradarv_seed2035_gpu1.log
pointpillars,astyx,2026,28.0107,True,False,/root/autodl-tmp/radar_champion/logs/fair_ablation/fair_pointpillars_astyx_seed2026_gpu0.log
pointpillars,astyx,2027,27.2845,True,False,/root/autodl-tmp/radar_champion/logs/fair_ablation/fair_pointpillars_astyx_seed2027_gpu0.log
pointpillars,astyx,2028,30.5009,True,False,/root/autodl-tmp/radar_champion/logs/fair_ablation/fair_pointpillars_astyx_seed2028_gpu0.log
pointpillars,kradar,2026,50.782,True,False,/root/autodl-tmp/radar_champion/logs/fair_ablation/fair_pointpillars_kradar_seed2026_gpu3.log
pointpillars,kradar,2027,48.3161,True,False,/root/autodl-tmp/radar_champion/logs/fair_ablation/fair_pointpillars_kradar_seed2027_gpu3.log
pointpillars,kradar,2028,47.6224,True,False,/root/autodl-tmp/radar_champion/logs/fair_ablation/fair_pointpillars_kradar_seed2028_gpu3.log
pointpillars,truckscenes,2026,14.307,True,False,/root/autodl-tmp/radar_champion/logs/fair_ablation/fair_pointpillars_truckscenes_seed2026_gpu1.log
pointpillars,truckscenes,2027,17.7127,True,False,/root/autodl-tmp/radar_champion/logs/fair_ablation/fair_pointpillars_truckscenes_seed2027_gpu1.log
pointpillars,truckscenes,2028,15.1291,True,False,/root/autodl-tmp/radar_champion/logs/fair_ablation/fair_pointpillars_truckscenes_seed2028_gpu1.log
pointpillars,v2xradarv,2026,39.3018,True,False,/root/autodl-tmp/radar_champion/logs/fair_ablation/fair_pointpillars_v2xradarv_seed2026_gpu2.log
pointpillars,v2xradarv,2027,41.2274,True,False,/root/autodl-tmp/radar_champion/logs/fair_ablation/fair_pointpillars_v2xradarv_seed2027_gpu2.log
pointpillars,v2xradarv,2028,40.067,True,False,/root/autodl-tmp/radar_champion/logs/fair_ablation/fair_pointpillars_v2xradarv_seed2028_gpu2.log
range2,astyx,2028,26.2066,True,False,/root/autodl-tmp/radar_champion/logs/fair_ablation/fair_range2_astyx_seed2028_gpu0.log
range2,astyx,2035,25.8971,True,False,/root/autodl-tmp/radar_champion/logs/fair_ablation/fair_range2_astyx_seed2035_gpu0.log
range2,kradar,2035,,False,False,/root/autodl-tmp/radar_champion/logs/fair_ablation/fair_range2_kradar_seed2035_gpu0.log
range2,kradar,2035,,False,False,/root/autodl-tmp/radar_champion/logs/fair_ablation/fair_range2_kradar_seed2035_gpu1.log
range2,kradar,2035,50.4802,True,False,/root/autodl-tmp/radar_champion/logs/fair_ablation/fair_range2_kradar_seed2035_gpu2.log
range2,truckscenes,2028,14.6804,True,False,/root/autodl-tmp/radar_champion/logs/fair_ablation/fair_range2_truckscenes_seed2028_gpu1.log
range2,truckscenes,2035,20.2165,True,False,/root/autodl-tmp/radar_champion/logs/fair_ablation/fair_range2_truckscenes_seed2035_gpu1.log
range2,v2xradarv,2028,33.4901,True,False,/root/autodl-tmp/radar_champion/logs/fair_ablation/fair_range2_v2xradarv_seed2028_gpu2.log
range2,v2xradarv,2035,40.7185,True,False,/root/autodl-tmp/radar_champion/logs/fair_ablation/fair_range2_v2xradarv_seed2035_gpu0.log
range3,astyx,2028,28.1613,True,False,/root/autodl-tmp/radar_champion/logs/fair_ablation/fair_range3_astyx_seed2028_gpu0.log
range3,astyx,2035,25.8971,True,False,/root/autodl-tmp/radar_champion/logs/fair_ablation/fair_range3_astyx_seed2035_gpu0.log
range3,kradar,2034,48.9803,True,False,/root/autodl-tmp/radar_champion/logs/fair_ablation/fair_range3_kradar_seed2034_gpu2.log
range3,kradar,2035,,False,False,/root/autodl-tmp/radar_champion/logs/fair_ablation/fair_range3_kradar_seed2035_gpu0.log
range3,kradar,2035,50.4802,True,False,/root/autodl-tmp/radar_champion/logs/fair_ablation/fair_range3_kradar_seed2035_gpu1.log
range3,kradar,2035,,False,False,/root/autodl-tmp/radar_champion/logs/fair_ablation/fair_range3_kradar_seed2035_gpu2.log
range3,kradar,2035,,False,False,/root/autodl-tmp/radar_champion/logs/fair_ablation/fair_range3_kradar_seed2035_gpu3.log
range3,truckscenes,2028,15.7983,True,False,/root/autodl-tmp/radar_champion/logs/fair_ablation/fair_range3_truckscenes_seed2028_gpu1.log
range3,truckscenes,2035,20.2165,True,False,/root/autodl-tmp/radar_champion/logs/fair_ablation/fair_range3_truckscenes_seed2035_gpu3.log
range3,v2xradarv,2028,40.6117,True,False,/root/autodl-tmp/radar_champion/logs/fair_ablation/fair_range3_v2xradarv_seed2028_gpu2.log
range3,v2xradarv,2035,40.7185,True,False,/root/autodl-tmp/radar_champion/logs/fair_ablation/fair_range3_v2xradarv_seed2035_gpu2.log
rccg,astyx,2026,,False,False,/root/autodl-tmp/radar_champion/logs/fair_ablation/fair_rccg_astyx_seed2026_gpu0.log
rccg,astyx,2028,27.198,True,False,/root/autodl-tmp/radar_champion/logs/fair_ablation/fair_rccg_astyx_seed2028_gpu0.log
rccg,kradar,2028,,False,False,/root/autodl-tmp/radar_champion/logs/fair_ablation/fair_rccg_kradar_seed2028_gpu3.log
rccg,truckscenes,2026,,False,False,/root/autodl-tmp/radar_champion/logs/fair_ablation/fair_rccg_truckscenes_seed2026_gpu1.log
rccg,truckscenes,2028,14.203,True,False,/root/autodl-tmp/radar_champion/logs/fair_ablation/fair_rccg_truckscenes_seed2028_gpu1.log
rccg,v2xradarv,2026,,False,False,/root/autodl-tmp/radar_champion/logs/fair_ablation/fair_rccg_v2xradarv_seed2026_gpu2.log
rccg,v2xradarv,2028,38.2742,True,False,/root/autodl-tmp/radar_champion/logs/fair_ablation/fair_rccg_v2xradarv_seed2028_gpu2.log
rcnms,astyx,2026,32.6986,True,False,/root/autodl-tmp/radar_champion/logs/fair_ablation/fair_rcnms_astyx_seed2026_gpu3.log
rcnms,astyx,2027,31.4077,True,False,/root/autodl-tmp/radar_champion/logs/fair_ablation/fair_rcnms_astyx_seed2027_gpu3.log
rcnms,astyx,2028,34.3392,True,False,/root/autodl-tmp/radar_champion/logs/fair_ablation/fair_rcnms_astyx_seed2028_gpu3.log
rcnms,kradar,2026,51.3371,True,False,/root/autodl-tmp/radar_champion/logs/fair_ablation/fair_rcnms_kradar_seed2026_gpu3.log
rcnms,kradar,2027,48.1614,True,False,/root/autodl-tmp/radar_champion/logs/fair_ablation/fair_rcnms_kradar_seed2027_gpu3.log
rcnms,kradar,2028,52.0193,True,False,/root/autodl-tmp/radar_champion/logs/fair_ablation/fair_rcnms_kradar_seed2028_gpu3.log
rcnms,truckscenes,2026,15.4,True,False,/root/autodl-tmp/radar_champion/logs/fair_ablation/fair_rcnms_truckscenes_seed2026_gpu3.log
rcnms,truckscenes,2027,18.3709,True,False,/root/autodl-tmp/radar_champion/logs/fair_ablation/fair_rcnms_truckscenes_seed2027_gpu3.log
rcnms,truckscenes,2028,15.2784,True,False,/root/autodl-tmp/radar_champion/logs/fair_ablation/fair_rcnms_truckscenes_seed2028_gpu3.log
rcnms,v2xradarv,2026,40.7606,True,False,/root/autodl-tmp/radar_champion/logs/fair_ablation/fair_rcnms_v2xradarv_seed2026_gpu3.log
rcnms,v2xradarv,2027,42.9801,True,False,/root/autodl-tmp/radar_champion/logs/fair_ablation/fair_rcnms_v2xradarv_seed2027_gpu3.log
rcnms,v2xradarv,2028,41.3191,True,False,/root/autodl-tmp/radar_champion/logs/fair_ablation/fair_rcnms_v2xradarv_seed2028_gpu3.log
rdar,astyx,2026,32.7281,True,False,/root/autodl-tmp/radar_champion/logs/fair_ablation/fair_rdar_astyx_seed2026_gpu0.log
rdar,astyx,2027,31.422,True,False,/root/autodl-tmp/radar_champion/logs/fair_ablation/fair_rdar_astyx_seed2027_gpu0.log
rdar,astyx,2028,34.354,True,False,/root/autodl-tmp/radar_champion/logs/fair_ablation/fair_rdar_astyx_seed2028_gpu0.log
rdar,kradar,2026,51.345,True,False,/root/autodl-tmp/radar_champion/logs/fair_ablation/fair_rdar_kradar_seed2026_gpu0.log
rdar,kradar,2027,48.1767,True,False,/root/autodl-tmp/radar_champion/logs/fair_ablation/fair_rdar_kradar_seed2027_gpu0.log
rdar,kradar,2028,52.0271,True,False,/root/autodl-tmp/radar_champion/logs/fair_ablation/fair_rdar_kradar_seed2028_gpu0.log
rdar,truckscenes,2026,15.4127,True,False,/root/autodl-tmp/radar_champion/logs/fair_ablation/fair_rdar_truckscenes_seed2026_gpu1.log
rdar,truckscenes,2027,18.3845,True,False,/root/autodl-tmp/radar_champion/logs/fair_ablation/fair_rdar_truckscenes_seed2027_gpu1.log
rdar,truckscenes,2028,15.3041,True,False,/root/autodl-tmp/radar_champion/logs/fair_ablation/fair_rdar_truckscenes_seed2028_gpu1.log
rdar,v2xradarv,2026,40.7802,True,False,/root/autodl-tmp/radar_champion/logs/fair_ablation/fair_rdar_v2xradarv_seed2026_gpu2.log
rdar,v2xradarv,2027,42.9899,True,False,/root/autodl-tmp/radar_champion/logs/fair_ablation/fair_rdar_v2xradarv_seed2027_gpu2.log
rdar,v2xradarv,2028,41.3385,True,False,/root/autodl-tmp/radar_champion/logs/fair_ablation/fair_rdar_v2xradarv_seed2028_gpu2.log
rpa45,astyx,2028,34.3452,True,False,/root/autodl-tmp/radar_champion/logs/fair_ablation/fair_rpa45_astyx_seed2028_gpu1.log
rpa45,astyx,2028,,False,True,/root/autodl-tmp/radar_champion/logs/fair_ablation/fair_rpa45_astyx_seed2028_gpu3.log
rpa45,truckscenes,2028,,False,False,/root/autodl-tmp/radar_champion/logs/fair_ablation/fair_rpa45_truckscenes_seed2028_gpu3.log
rpa50,astyx,2028,34.4625,True,False,/root/autodl-tmp/radar_champion/logs/fair_ablation/fair_rpa50_astyx_seed2028_gpu2.log
rpa50,truckscenes,2028,,False,False,/root/autodl-tmp/radar_champion/logs/fair_ablation/fair_rpa50_truckscenes_seed2028_gpu2.log
rpa55,astyx,2028,34.7538,True,False,/root/autodl-tmp/radar_champion/logs/fair_ablation/fair_rpa55_astyx_seed2028_gpu0.log
rpa55,truckscenes,2028,,False,False,/root/autodl-tmp/radar_champion/logs/fair_ablation/fair_rpa55_truckscenes_seed2028_gpu1.log
sbd05,astyx,2028,27.5905,True,False,/root/autodl-tmp/radar_champion/logs/fair_ablation/fair_sbd05_astyx_seed2028_gpu0.log
sbd05,astyx,2035,27.6201,True,False,/root/autodl-tmp/radar_champion/logs/fair_ablation/fair_sbd05_astyx_seed2035_gpu3.log
sbd05,kradar,2028,43.5427,True,False,/root/autodl-tmp/radar_champion/logs/fair_ablation/fair_sbd05_kradar_seed2028_gpu3.log
sbd05,kradar,2035,49.0161,True,False,/root/autodl-tmp/radar_champion/logs/fair_ablation/fair_sbd05_kradar_seed2035_gpu3.log
sbd05,truckscenes,2028,14.4917,True,False,/root/autodl-tmp/radar_champion/logs/fair_ablation/fair_sbd05_truckscenes_seed2028_gpu1.log
sbd05,v2xradarv,2028,38.1893,True,False,/root/autodl-tmp/radar_champion/logs/fair_ablation/fair_sbd05_v2xradarv_seed2028_gpu2.log
sbd10,astyx,2028,27.1338,True,False,/root/autodl-tmp/radar_champion/logs/fair_ablation/fair_sbd10_astyx_seed2028_gpu0.log
sbd10,astyx,2035,25.4402,True,False,/root/autodl-tmp/radar_champion/logs/fair_ablation/fair_sbd10_astyx_seed2035_gpu0.log
sbd10,kradar,2028,,False,False,/root/autodl-tmp/radar_champion/logs/fair_ablation/fair_sbd10_kradar_seed2028_gpu3.log
sbd10,kradar,2035,,False,False,/root/autodl-tmp/radar_champion/logs/fair_ablation/fair_sbd10_kradar_seed2035_gpu0.log
sbd10,kradar,2035,,False,False,/root/autodl-tmp/radar_champion/logs/fair_ablation/fair_sbd10_kradar_seed2035_gpu1.log
sbd10,kradar,2035,,False,False,/root/autodl-tmp/radar_champion/logs/fair_ablation/fair_sbd10_kradar_seed2035_gpu2.log
sbd10,kradar,2035,48.7488,True,False,/root/autodl-tmp/radar_champion/logs/fair_ablation/fair_sbd10_kradar_seed2035_gpu3.log
sbd10,truckscenes,2028,15.9806,True,False,/root/autodl-tmp/radar_champion/logs/fair_ablation/fair_sbd10_truckscenes_seed2028_gpu1.log
sbd10,v2xradarv,2028,40.7341,True,False,/root/autodl-tmp/radar_champion/logs/fair_ablation/fair_sbd10_v2xradarv_seed2028_gpu2.log
sbd10,v2xradarv,2035,40.3264,True,False,/root/autodl-tmp/radar_champion/logs/fair_ablation/fair_sbd10_v2xradarv_seed2035_gpu2.log
sbd20,astyx,2028,26.3445,True,False,/root/autodl-tmp/radar_champion/logs/fair_ablation/fair_sbd20_astyx_seed2028_gpu0.log
sbd20,astyx,2035,26.9076,True,False,/root/autodl-tmp/radar_champion/logs/fair_ablation/fair_sbd20_astyx_seed2035_gpu0.log
sbd20,kradar,2035,,False,False,/root/autodl-tmp/radar_champion/logs/fair_ablation/fair_sbd20_kradar_seed2035_gpu2.log
sbd20,kradar,2035,45.5965,True,False,/root/autodl-tmp/radar_champion/logs/fair_ablation/fair_sbd20_kradar_seed2035_gpu3.log
sbd20,truckscenes,2028,11.0915,True,False,/root/autodl-tmp/radar_champion/logs/fair_ablation/fair_sbd20_truckscenes_seed2028_gpu1.log
sbd20,v2xradarv,2028,36.8358,True,False,/root/autodl-tmp/radar_champion/logs/fair_ablation/fair_sbd20_v2xradarv_seed2028_gpu2.log
sbd20,v2xradarv,2035,39.4976,True,False,/root/autodl-tmp/radar_champion/logs/fair_ablation/fair_sbd20_v2xradarv_seed2035_gpu2.log
stable_bevgate,astyx,2026,27.4302,True,False,/root/autodl-tmp/radar_champion/logs/fair_ablation/fair_stable_bevgate_astyx_seed2026_gpu0.log
stable_bevgate,astyx,2027,28.2221,True,False,/root/autodl-tmp/radar_champion/logs/fair_ablation/fair_stable_bevgate_astyx_seed2027_gpu0.log
stable_bevgate,astyx,2028,28.4367,True,False,/root/autodl-tmp/radar_champion/logs/fair_ablation/fair_stable_bevgate_astyx_seed2028_gpu0.log
stable_bevgate,astyx,2037,26.3846,True,False,/root/autodl-tmp/radar_champion/logs/fair_ablation/fair_stable_bevgate_astyx_seed2037_gpu0.log
stable_bevgate,astyx,5623,27.456,True,False,/root/autodl-tmp/radar_champion/logs/fair_ablation/fair_stable_bevgate_astyx_seed5623_gpu0.log
stable_bevgate_dapg,astyx,2037,25.4683,True,False,/root/autodl-tmp/radar_champion/logs/fair_ablation/fair_stable_bevgate_dapg_astyx_seed2037_gpu0.log
stable_bevgate_dapg,astyx,5623,30.9132,True,False,/root/autodl-tmp/radar_champion/logs/fair_ablation/fair_stable_bevgate_dapg_astyx_seed5623_gpu0.log
stable_bevgate_dapg,astyx,5623,,False,False,/root/autodl-tmp/radar_champion/logs/fair_ablation/fair_stable_bevgate_dapg_astyx_seed5623_gpu1.log
stable_bevgate_dapg,kradar,2037,50.3516,True,False,/root/autodl-tmp/radar_champion/logs/fair_ablation/fair_stable_bevgate_dapg_kradar_seed2037_gpu3.log
stable_bevgate_dapg,kradar,5623,,False,False,/root/autodl-tmp/radar_champion/logs/fair_ablation/fair_stable_bevgate_dapg_kradar_seed5623_gpu0.log
stable_bevgate_dapg,kradar,5623,53.1729,True,False,/root/autodl-tmp/radar_champion/logs/fair_ablation/fair_stable_bevgate_dapg_kradar_seed5623_gpu3.log
stable_bevgate_dapg_msbc,astyx,2029,,False,False,/root/autodl-tmp/radar_champion/logs/fair_ablation/fair_stable_bevgate_dapg_msbc_astyx_seed2029_gpu0.log
stable_bevgate_dapg_msbc,astyx,2037,27.1537,True,False,/root/autodl-tmp/radar_champion/logs/fair_ablation/fair_stable_bevgate_dapg_msbc_astyx_seed2037_gpu0.log
stable_bevgate_dapg_msbc,astyx,5623,,False,False,/root/autodl-tmp/radar_champion/logs/fair_ablation/fair_stable_bevgate_dapg_msbc_astyx_seed5623_gpu0.log
stable_bevgate_dapg_msbc,astyx,5623,,False,False,/root/autodl-tmp/radar_champion/logs/fair_ablation/fair_stable_bevgate_dapg_msbc_astyx_seed5623_gpu2.log
stable_bevgate_dapg_msbc,astyx,6001,28.1464,True,False,/root/autodl-tmp/radar_champion/logs/fair_ablation/fair_stable_bevgate_dapg_msbc_astyx_seed6001_gpu1.log
stable_bevgate_dapg_msbc,kradar,2029,,False,True,/root/autodl-tmp/radar_champion/logs/fair_ablation/fair_stable_bevgate_dapg_msbc_kradar_seed2029_gpu3.log
stable_bevgate_dapg_msbc,kradar,2037,52.8305,True,False,/root/autodl-tmp/radar_champion/logs/fair_ablation/fair_stable_bevgate_dapg_msbc_kradar_seed2037_gpu3.log
stable_bevgate_dapg_msbc,kradar,5623,,False,True,/root/autodl-tmp/radar_champion/logs/fair_ablation/fair_stable_bevgate_dapg_msbc_kradar_seed5623_gpu3.log
stable_bevgate_dapg_msbc,kradar,6001,54.485,True,False,/root/autodl-tmp/radar_champion/logs/fair_ablation/fair_stable_bevgate_dapg_msbc_kradar_seed6001_gpu3.log
stable_bevgate_dapg_msbc,truckscenes,2028,18.0674,True,False,/root/autodl-tmp/radar_champion/logs/fair_ablation/fair_stable_bevgate_dapg_msbc_truckscenes_seed2028_gpu3.log
stable_bevgate_dapg_msbc,truckscenes,2029,17.4442,True,False,/root/autodl-tmp/radar_champion/logs/fair_ablation/fair_stable_bevgate_dapg_msbc_truckscenes_seed2029_gpu1.log
stable_bevgate_dapg_msbc,truckscenes,2029,,False,False,/root/autodl-tmp/radar_champion/logs/fair_ablation/fair_stable_bevgate_dapg_msbc_truckscenes_seed2029_gpu3.log
stable_bevgate_dapg_msbc,truckscenes,2037,16.9837,True,False,/root/autodl-tmp/radar_champion/logs/fair_ablation/fair_stable_bevgate_dapg_msbc_truckscenes_seed2037_gpu1.log
stable_bevgate_dapg_msbc,truckscenes,5623,18.1389,True,False,/root/autodl-tmp/radar_champion/logs/fair_ablation/fair_stable_bevgate_dapg_msbc_truckscenes_seed5623_gpu1.log
stable_bevgate_dapg_msbc,truckscenes,6001,14.9147,True,False,/root/autodl-tmp/radar_champion/logs/fair_ablation/fair_stable_bevgate_dapg_msbc_truckscenes_seed6001_gpu0.log
stable_bevgate_dapg_msbc,v2xradarv,2029,43.7446,True,False,/root/autodl-tmp/radar_champion/logs/fair_ablation/fair_stable_bevgate_dapg_msbc_v2xradarv_seed2029_gpu2.log
stable_bevgate_dapg_msbc,v2xradarv,2037,41.0152,True,False,/root/autodl-tmp/radar_champion/logs/fair_ablation/fair_stable_bevgate_dapg_msbc_v2xradarv_seed2037_gpu2.log
stable_bevgate_dapg_msbc,v2xradarv,5623,,False,False,/root/autodl-tmp/radar_champion/logs/fair_ablation/fair_stable_bevgate_dapg_msbc_v2xradarv_seed5623_gpu2.log
stable_bevgate_dapg_msbc,v2xradarv,6001,39.9655,True,False,/root/autodl-tmp/radar_champion/logs/fair_ablation/fair_stable_bevgate_dapg_msbc_v2xradarv_seed6001_gpu2.log
stable_bevgate_dapg,truckscenes,2037,17.2922,True,False,/root/autodl-tmp/radar_champion/logs/fair_ablation/fair_stable_bevgate_dapg_truckscenes_seed2037_gpu1.log
stable_bevgate_dapg,truckscenes,5623,,False,False,/root/autodl-tmp/radar_champion/logs/fair_ablation/fair_stable_bevgate_dapg_truckscenes_seed5623_gpu0.log
stable_bevgate_dapg,truckscenes,5623,13.1176,True,False,/root/autodl-tmp/radar_champion/logs/fair_ablation/fair_stable_bevgate_dapg_truckscenes_seed5623_gpu1.log
stable_bevgate_dapg,v2xradarv,2037,40.1694,True,False,/root/autodl-tmp/radar_champion/logs/fair_ablation/fair_stable_bevgate_dapg_v2xradarv_seed2037_gpu2.log
stable_bevgate_dapg,v2xradarv,5623,,False,False,/root/autodl-tmp/radar_champion/logs/fair_ablation/fair_stable_bevgate_dapg_v2xradarv_seed5623_gpu2.log
stable_bevgate,kradar,2026,52.6248,True,False,/root/autodl-tmp/radar_champion/logs/fair_ablation/fair_stable_bevgate_kradar_seed2026_gpu3.log
stable_bevgate,kradar,2027,50.0455,True,False,/root/autodl-tmp/radar_champion/logs/fair_ablation/fair_stable_bevgate_kradar_seed2027_gpu3.log
stable_bevgate,kradar,2028,47.2864,True,False,/root/autodl-tmp/radar_champion/logs/fair_ablation/fair_stable_bevgate_kradar_seed2028_gpu3.log
stable_bevgate,kradar,2036,50.1681,True,False,/root/autodl-tmp/radar_champion/logs/fair_ablation/fair_stable_bevgate_kradar_seed2036_gpu3.log
stable_bevgate,truckscenes,2026,16.7679,True,False,/root/autodl-tmp/radar_champion/logs/fair_ablation/fair_stable_bevgate_truckscenes_seed2026_gpu1.log
stable_bevgate,truckscenes,2027,12.4467,True,False,/root/autodl-tmp/radar_champion/logs/fair_ablation/fair_stable_bevgate_truckscenes_seed2027_gpu1.log
stable_bevgate,truckscenes,2028,14.5783,True,False,/root/autodl-tmp/radar_champion/logs/fair_ablation/fair_stable_bevgate_truckscenes_seed2028_gpu1.log
stable_bevgate,truckscenes,2037,13.1734,True,False,/root/autodl-tmp/radar_champion/logs/fair_ablation/fair_stable_bevgate_truckscenes_seed2037_gpu1.log
stable_bevgate,truckscenes,4519,14.8251,True,False,/root/autodl-tmp/radar_champion/logs/fair_ablation/fair_stable_bevgate_truckscenes_seed4519_gpu3.log
stable_bevgate,truckscenes,5623,14.1771,True,False,/root/autodl-tmp/radar_champion/logs/fair_ablation/fair_stable_bevgate_truckscenes_seed5623_gpu1.log
stable_bevgate,v2xradarv,2026,43.5498,True,False,/root/autodl-tmp/radar_champion/logs/fair_ablation/fair_stable_bevgate_v2xradarv_seed2026_gpu2.log
stable_bevgate,v2xradarv,2027,39.751,True,False,/root/autodl-tmp/radar_champion/logs/fair_ablation/fair_stable_bevgate_v2xradarv_seed2027_gpu2.log
stable_bevgate,v2xradarv,2028,41.1565,True,False,/root/autodl-tmp/radar_champion/logs/fair_ablation/fair_stable_bevgate_v2xradarv_seed2028_gpu2.log
stable_bevgate,v2xradarv,2037,39.7224,True,False,/root/autodl-tmp/radar_champion/logs/fair_ablation/fair_stable_bevgate_v2xradarv_seed2037_gpu2.log
stable_bevgate,v2xradarv,5623,42.2732,True,False,/root/autodl-tmp/radar_champion/logs/fair_ablation/fair_stable_bevgate_v2xradarv_seed5623_gpu2.log
stable_four_modules,astyx,5623,,False,False,/root/autodl-tmp/radar_champion/logs/fair_ablation/fair_stable_four_modules_astyx_seed5623_gpu1.log
stable_four_modules,astyx,5623,29.111,True,False,/root/autodl-tmp/radar_champion/logs/fair_ablation/fair_stable_four_modules_astyx_seed5623_gpu3.log
stable_four_modules,kradar,2036,,False,True,/root/autodl-tmp/radar_champion/logs/fair_ablation/fair_stable_four_modules_kradar_seed2036_gpu3.log
stable_four_modules,kradar,5623,,False,False,/root/autodl-tmp/radar_champion/logs/fair_ablation/fair_stable_four_modules_kradar_seed5623_gpu3.log
stable_four_modules,truckscenes,5623,0.0,True,False,/root/autodl-tmp/radar_champion/logs/fair_ablation/fair_stable_four_modules_truckscenes_seed5623_gpu3.log
stable_four_modules,v2xradarv,5623,0.0,True,False,/root/autodl-tmp/radar_champion/logs/fair_ablation/fair_stable_four_modules_v2xradarv_seed5623_gpu3.log
swa5,kradar,2026,46.3701,True,False,/root/autodl-tmp/radar_champion/logs/fair_ablation/fair_swa5_kradar_seed2026_gpu3.log
swa5_nms050,kradar,2026,48.2534,True,False,/root/autodl-tmp/radar_champion/logs/fair_ablation/fair_swa5_nms050_kradar_seed2026_gpu3.log
taac,astyx,2026,28.2746,True,False,/root/autodl-tmp/radar_champion/logs/fair_ablation/fair_taac_astyx_seed2026_gpu0.log
taac,astyx,2027,28.088,True,False,/root/autodl-tmp/radar_champion/logs/fair_ablation/fair_taac_astyx_seed2027_gpu0.log
taac,astyx,2028,29.047,True,False,/root/autodl-tmp/radar_champion/logs/fair_ablation/fair_taac_astyx_seed2028_gpu0.log
taac,astyx,2035,28.9054,True,False,/root/autodl-tmp/radar_champion/logs/fair_ablation/fair_taac_astyx_seed2035_gpu3.log
taac,kradar,2026,58.2748,True,False,/root/autodl-tmp/radar_champion/logs/fair_ablation/fair_taac_kradar_seed2026_gpu3.log
taac,kradar,2027,54.2558,True,False,/root/autodl-tmp/radar_champion/logs/fair_ablation/fair_taac_kradar_seed2027_gpu3.log
taac,kradar,2028,50.8271,True,False,/root/autodl-tmp/radar_champion/logs/fair_ablation/fair_taac_kradar_seed2028_gpu3.log
taac,kradar,2035,,False,False,/root/autodl-tmp/radar_champion/logs/fair_ablation/fair_taac_kradar_seed2035_gpu0.log
taac,kradar,2035,,False,False,/root/autodl-tmp/radar_champion/logs/fair_ablation/fair_taac_kradar_seed2035_gpu1.log
taac,kradar,2035,,False,False,/root/autodl-tmp/radar_champion/logs/fair_ablation/fair_taac_kradar_seed2035_gpu2.log
taac,kradar,2035,57.1375,True,False,/root/autodl-tmp/radar_champion/logs/fair_ablation/fair_taac_kradar_seed2035_gpu3.log
taac_rcnms,astyx,2026,33.1923,True,False,/root/autodl-tmp/radar_champion/logs/fair_ablation/fair_taac_rcnms_astyx_seed2026_gpu0.log
taac_rcnms,astyx,2027,32.9641,True,False,/root/autodl-tmp/radar_champion/logs/fair_ablation/fair_taac_rcnms_astyx_seed2027_gpu0.log
taac_rcnms,astyx,2028,33.4059,True,False,/root/autodl-tmp/radar_champion/logs/fair_ablation/fair_taac_rcnms_astyx_seed2028_gpu0.log
taac_rcnms,astyx,2028,33.4059,True,False,/root/autodl-tmp/radar_champion/logs/fair_ablation/fair_taac_rcnms_astyx_seed2028_gpu3.log
taac_rcnms,kradar,2026,58.4078,True,False,/root/autodl-tmp/radar_champion/logs/fair_ablation/fair_taac_rcnms_kradar_seed2026_gpu3.log
taac_rcnms,kradar,2027,55.105,True,False,/root/autodl-tmp/radar_champion/logs/fair_ablation/fair_taac_rcnms_kradar_seed2027_gpu0.log
taac_rcnms,kradar,2028,52.0624,True,False,/root/autodl-tmp/radar_champion/logs/fair_ablation/fair_taac_rcnms_kradar_seed2028_gpu0.log
taac_rcnms,truckscenes,2026,15.9295,True,False,/root/autodl-tmp/radar_champion/logs/fair_ablation/fair_taac_rcnms_truckscenes_seed2026_gpu1.log
taac_rcnms,truckscenes,2027,16.111,True,False,/root/autodl-tmp/radar_champion/logs/fair_ablation/fair_taac_rcnms_truckscenes_seed2027_gpu1.log
taac_rcnms,truckscenes,2028,16.9481,True,False,/root/autodl-tmp/radar_champion/logs/fair_ablation/fair_taac_rcnms_truckscenes_seed2028_gpu1.log
taac_rcnms,v2xradarv,2026,42.6179,True,False,/root/autodl-tmp/radar_champion/logs/fair_ablation/fair_taac_rcnms_v2xradarv_seed2026_gpu2.log
taac_rcnms,v2xradarv,2027,46.2454,True,False,/root/autodl-tmp/radar_champion/logs/fair_ablation/fair_taac_rcnms_v2xradarv_seed2027_gpu2.log
taac_rcnms,v2xradarv,2028,39.5602,True,False,/root/autodl-tmp/radar_champion/logs/fair_ablation/fair_taac_rcnms_v2xradarv_seed2028_gpu2.log
taac,truckscenes,2026,15.3638,True,False,/root/autodl-tmp/radar_champion/logs/fair_ablation/fair_taac_truckscenes_seed2026_gpu1.log
taac,truckscenes,2027,14.6201,True,False,/root/autodl-tmp/radar_champion/logs/fair_ablation/fair_taac_truckscenes_seed2027_gpu1.log
taac,truckscenes,2028,16.0213,True,False,/root/autodl-tmp/radar_champion/logs/fair_ablation/fair_taac_truckscenes_seed2028_gpu1.log
taac,truckscenes,2035,18.6227,True,False,/root/autodl-tmp/radar_champion/logs/fair_ablation/fair_taac_truckscenes_seed2035_gpu1.log
taac,v2xradarv,2026,40.9544,True,False,/root/autodl-tmp/radar_champion/logs/fair_ablation/fair_taac_v2xradarv_seed2026_gpu2.log
taac,v2xradarv,2027,45.2006,True,False,/root/autodl-tmp/radar_champion/logs/fair_ablation/fair_taac_v2xradarv_seed2027_gpu2.log
taac,v2xradarv,2028,38.478,True,False,/root/autodl-tmp/radar_champion/logs/fair_ablation/fair_taac_v2xradarv_seed2028_gpu2.log
taac,v2xradarv,2035,35.1768,True,False,/root/autodl-tmp/radar_champion/logs/fair_ablation/fair_taac_v2xradarv_seed2035_gpu0.log
