dataset,range_power,support_scale,alpha,ap,status
astyx,0p0,1p0,0p05,34.3905,complete
astyx,0p0,1p0,0p10,32.7462,complete
astyx,0p0,1p0,0p20,31.7292,complete
astyx,0p0,1p0,0p30,31.6998,complete
astyx,0p0,2p0,0p05,34.4516,complete
astyx,0p0,2p0,0p10,32.7528,complete
astyx,0p0,2p0,0p20,31.7317,complete
astyx,0p0,2p0,0p30,31.3397,complete
astyx,0p0,4p0,0p05,34.3606,complete
astyx,0p0,4p0,0p10,32.8487,complete
astyx,0p0,4p0,0p20,31.4835,complete
astyx,0p0,4p0,0p30,30.7702,complete
astyx,0p0,8p0,0p05,34.4981,complete
astyx,0p0,8p0,0p10,32.7406,complete
astyx,0p0,8p0,0p20,31.0463,complete
astyx,0p0,8p0,0p30,29.5441,complete
astyx,1p0,1p0,0p05,34.3832,complete
astyx,1p0,1p0,0p10,32.5933,complete
astyx,1p0,1p0,0p20,31.5520,complete
astyx,1p0,1p0,0p30,31.4457,complete
astyx,1p0,2p0,0p05,34.3730,complete
astyx,1p0,2p0,0p10,32.5899,complete
astyx,1p0,2p0,0p20,31.4342,complete
astyx,1p0,2p0,0p30,31.1998,complete
astyx,1p0,4p0,0p05,34.3882,complete
astyx,1p0,4p0,0p10,32.4951,complete
astyx,1p0,4p0,0p20,31.2899,complete
astyx,1p0,4p0,0p30,30.6221,complete
astyx,1p0,8p0,0p05,34.3304,complete
astyx,1p0,8p0,0p10,32.5639,complete
astyx,1p0,8p0,0p20,30.7039,complete
astyx,1p0,8p0,0p30,29.6149,complete
astyx,2p0,1p0,0p05,34.3015,complete
astyx,2p0,1p0,0p10,32.5182,complete
astyx,2p0,1p0,0p20,31.4162,complete
astyx,2p0,1p0,0p30,31.2241,complete
astyx,2p0,2p0,0p05,34.2251,complete
astyx,2p0,2p0,0p10,32.5504,complete
astyx,2p0,2p0,0p20,31.3171,complete
astyx,2p0,2p0,0p30,30.8172,complete
astyx,2p0,4p0,0p05,34.3517,complete
astyx,2p0,4p0,0p10,32.3806,complete
astyx,2p0,4p0,0p20,30.8463,complete
astyx,2p0,4p0,0p30,30.1638,complete
astyx,2p0,8p0,0p05,34.3949,complete
astyx,2p0,8p0,0p10,32.3801,complete
astyx,2p0,8p0,0p20,30.6616,complete
astyx,2p0,8p0,0p30,28.7882,complete
kradar,0p0,1p0,0p05,53.5161,complete
kradar,0p0,1p0,0p10,53.5202,complete
kradar,0p0,1p0,0p20,53.5365,complete
kradar,0p0,1p0,0p30,53.5393,complete
kradar,0p0,2p0,0p05,53.5181,complete
kradar,0p0,2p0,0p10,53.5229,complete
kradar,0p0,2p0,0p20,53.5410,complete
kradar,0p0,2p0,0p30,53.5439,complete
kradar,0p0,4p0,0p05,53.5208,complete
kradar,0p0,4p0,0p10,53.5269,complete
kradar,0p0,4p0,0p20,53.5528,complete
kradar,0p0,4p0,0p30,53.5565,complete
kradar,0p0,8p0,0p05,53.5272,complete
kradar,0p0,8p0,0p10,53.5398,complete
kradar,0p0,8p0,0p20,53.5741,complete
kradar,0p0,8p0,0p30,53.5939,complete
kradar,1p0,1p0,0p05,53.5165,complete
kradar,1p0,1p0,0p10,53.5213,complete
kradar,1p0,1p0,0p20,53.5377,complete
kradar,1p0,1p0,0p30,53.5401,complete
kradar,1p0,2p0,0p05,53.5174,complete
kradar,1p0,2p0,0p10,53.5229,complete
kradar,1p0,2p0,0p20,53.5402,complete
kradar,1p0,2p0,0p30,53.5435,complete
kradar,1p0,4p0,0p05,53.5192,complete
kradar,1p0,4p0,0p10,53.5231,complete
kradar,1p0,4p0,0p20,53.5431,complete
kradar,1p0,4p0,0p30,53.5454,complete
kradar,1p0,8p0,0p05,53.5192,complete
kradar,1p0,8p0,0p10,53.5262,complete
kradar,1p0,8p0,0p20,53.5583,complete
kradar,1p0,8p0,0p30,53.5626,complete
kradar,2p0,1p0,0p05,53.5164,complete
kradar,2p0,1p0,0p10,53.5206,complete
kradar,2p0,1p0,0p20,53.5405,complete
kradar,2p0,1p0,0p30,53.5396,complete
kradar,2p0,2p0,0p05,53.5159,complete
kradar,2p0,2p0,0p10,53.5205,complete
kradar,2p0,2p0,0p20,53.5391,complete
kradar,2p0,2p0,0p30,53.5441,complete
kradar,2p0,4p0,0p05,53.5174,complete
kradar,2p0,4p0,0p10,53.5217,complete
kradar,2p0,4p0,0p20,53.6178,complete
kradar,2p0,4p0,0p30,53.7033,complete
kradar,2p0,8p0,0p05,53.5785,complete
kradar,2p0,8p0,0p10,53.5539,complete
kradar,2p0,8p0,0p20,53.7522,complete
kradar,2p0,8p0,0p30,53.6775,complete
truckscenes,0p0,1p0,0p05,17.5764,complete
truckscenes,0p0,1p0,0p10,17.6610,complete
truckscenes,0p0,1p0,0p20,17.7868,complete
truckscenes,0p0,1p0,0p30,17.9872,complete
truckscenes,0p0,2p0,0p05,17.5780,complete
truckscenes,0p0,2p0,0p10,17.9015,complete
truckscenes,0p0,2p0,0p20,18.2506,complete
truckscenes,0p0,2p0,0p30,18.5354,complete
truckscenes,0p0,4p0,0p05,17.6268,complete
truckscenes,0p0,4p0,0p10,18.1371,complete
truckscenes,0p0,4p0,0p20,18.4847,complete
truckscenes,0p0,4p0,0p30,18.7540,complete
truckscenes,0p0,8p0,0p05,17.7748,complete
truckscenes,0p0,8p0,0p10,18.0958,complete
truckscenes,0p0,8p0,0p20,18.6934,complete
truckscenes,0p0,8p0,0p30,18.6609,complete
truckscenes,1p0,1p0,0p05,17.5890,complete
truckscenes,1p0,1p0,0p10,17.6941,complete
truckscenes,1p0,1p0,0p20,17.6867,complete
truckscenes,1p0,1p0,0p30,17.5828,complete
truckscenes,1p0,2p0,0p05,17.6069,complete
truckscenes,1p0,2p0,0p10,17.6466,complete
truckscenes,1p0,2p0,0p20,17.8118,complete
truckscenes,1p0,2p0,0p30,17.8752,complete
truckscenes,1p0,4p0,0p05,17.6151,complete
truckscenes,1p0,4p0,0p10,17.6854,complete
truckscenes,1p0,4p0,0p20,17.9070,complete
truckscenes,1p0,4p0,0p30,17.2842,complete
truckscenes,1p0,8p0,0p05,17.4474,complete
truckscenes,1p0,8p0,0p10,17.7317,complete
truckscenes,1p0,8p0,0p20,17.4477,complete
truckscenes,1p0,8p0,0p30,17.1053,complete
truckscenes,2p0,1p0,0p05,17.6135,complete
truckscenes,2p0,1p0,0p10,17.6551,complete
truckscenes,2p0,1p0,0p20,17.4661,complete
truckscenes,2p0,1p0,0p30,17.2979,complete
truckscenes,2p0,2p0,0p05,17.5721,complete
truckscenes,2p0,2p0,0p10,17.4756,complete
truckscenes,2p0,2p0,0p20,17.2046,complete
truckscenes,2p0,2p0,0p30,16.8254,complete
truckscenes,2p0,4p0,0p05,17.4631,complete
truckscenes,2p0,4p0,0p10,17.2060,complete
truckscenes,2p0,4p0,0p20,16.7305,complete
truckscenes,2p0,4p0,0p30,16.1623,complete
truckscenes,2p0,8p0,0p05,17.1873,complete
truckscenes,2p0,8p0,0p10,17.0159,complete
truckscenes,2p0,8p0,0p20,16.1529,complete
truckscenes,2p0,8p0,0p30,15.1814,complete
v2xradarv,0p0,1p0,0p05,42.6220,complete
v2xradarv,0p0,1p0,0p10,42.5469,complete
v2xradarv,0p0,1p0,0p20,42.4573,complete
v2xradarv,0p0,1p0,0p30,42.4379,complete
v2xradarv,0p0,2p0,0p05,42.6177,complete
v2xradarv,0p0,2p0,0p10,42.4941,complete
v2xradarv,0p0,2p0,0p20,42.4736,complete
v2xradarv,0p0,2p0,0p30,42.3446,complete
v2xradarv,0p0,4p0,0p05,42.5523,complete
v2xradarv,0p0,4p0,0p10,42.4881,complete
v2xradarv,0p0,4p0,0p20,42.3464,complete
v2xradarv,0p0,4p0,0p30,41.9053,complete
v2xradarv,0p0,8p0,0p05,42.4944,complete
v2xradarv,0p0,8p0,0p10,42.4663,complete
v2xradarv,0p0,8p0,0p20,42.1710,complete
v2xradarv,0p0,8p0,0p30,41.8922,complete
v2xradarv,1p0,1p0,0p05,42.6629,complete
v2xradarv,1p0,1p0,0p10,42.5931,complete
v2xradarv,1p0,1p0,0p20,42.4876,complete
v2xradarv,1p0,1p0,0p30,42.4664,complete
v2xradarv,1p0,2p0,0p05,42.6358,complete
v2xradarv,1p0,2p0,0p10,42.5011,complete
v2xradarv,1p0,2p0,0p20,42.5289,complete
v2xradarv,1p0,2p0,0p30,42.5317,complete
v2xradarv,1p0,4p0,0p05,42.5665,complete
v2xradarv,1p0,4p0,0p10,42.5158,complete
v2xradarv,1p0,4p0,0p20,42.4880,complete
v2xradarv,1p0,4p0,0p30,42.1509,complete
v2xradarv,1p0,8p0,0p05,42.5358,complete
v2xradarv,1p0,8p0,0p10,42.4519,complete
v2xradarv,1p0,8p0,0p20,42.1830,complete
v2xradarv,1p0,8p0,0p30,41.9852,complete
v2xradarv,2p0,1p0,0p05,42.6786,complete
v2xradarv,2p0,1p0,0p10,42.6152,complete
v2xradarv,2p0,1p0,0p20,42.6084,complete
v2xradarv,2p0,1p0,0p30,42.5672,complete
v2xradarv,2p0,2p0,0p05,42.6614,complete
v2xradarv,2p0,2p0,0p10,42.5602,complete
v2xradarv,2p0,2p0,0p20,42.4428,complete
v2xradarv,2p0,2p0,0p30,42.4582,complete
v2xradarv,2p0,4p0,0p05,42.5477,complete
v2xradarv,2p0,4p0,0p10,42.4234,complete
v2xradarv,2p0,4p0,0p20,42.4347,complete
v2xradarv,2p0,4p0,0p30,42.2792,complete
v2xradarv,2p0,8p0,0p05,42.4708,complete
v2xradarv,2p0,8p0,0p10,42.2732,complete
v2xradarv,2p0,8p0,0p20,42.2129,complete
v2xradarv,2p0,8p0,0p30,41.7120,complete
